blockSize,blockCount,numThreads,cached,run,MBspeed,Bspeed,seconds
4,8388608,1,1,0,6.85,7187022.09,4.67
4,8388608,1,1,1,6.83,7166499.55,4.68
4,8388608,1,1,2,6.80,7133417.01,4.70
4,8388608,1,1,3,6.85,7182527.09,4.67
4,8388608,1,1,4,6.83,7161010.17,4.69
8,8388608,1,1,0,13.59,14245653.27,4.71
8,8388608,1,1,1,13.51,14168144.81,4.74
8,8388608,1,1,2,13.47,14121932.87,4.75
8,8388608,1,1,3,13.57,14225656.08,4.72
8,8388608,1,1,4,13.45,14107300.23,4.76
16,8388608,1,1,0,26.68,27976709.65,4.80
16,8388608,1,1,1,26.77,28075176.02,4.78
16,8388608,1,1,2,26.88,28180554.87,4.76
16,8388608,1,1,3,26.79,28094080.99,4.78
16,8388608,1,1,4,26.78,28085133.23,4.78
32,8388608,1,1,0,52.56,55112350.44,4.87
32,8388608,1,1,1,52.53,55085628.92,4.87
32,8388608,1,1,2,52.50,55049443.87,4.88
32,8388608,1,1,3,52.99,55567404.09,4.83
32,8388608,1,1,4,52.65,55206927.53,4.86
64,4194304,1,1,0,101.87,106816555.84,2.51
64,4194304,1,1,1,102.01,106960082.56,2.51
64,4194304,1,1,2,102.01,106968689.77,2.51
64,4194304,1,1,3,101.82,106767145.46,2.51
64,4194304,1,1,4,102.38,107351894.55,2.50
128,4194304,1,1,0,189.81,199026100.78,2.70
128,4194304,1,1,1,190.71,199977834.74,2.68
128,4194304,1,1,2,190.37,199613645.33,2.69
128,4194304,1,1,3,189.62,198826432.46,2.70
128,4194304,1,1,4,190.80,200070760.77,2.68
256,4194304,1,1,0,331.29,347385167.95,3.09
256,4194304,1,1,1,330.88,346953893.66,3.09
256,4194304,1,1,2,331.45,347550789.82,3.09
256,4194304,1,1,3,331.01,347086681.00,3.09
256,4194304,1,1,4,331.09,347174227.53,3.09
512,4194304,1,1,0,538.91,565087715.57,3.80
512,4194304,1,1,1,539.88,566105602.96,3.79
512,4194304,1,1,2,538.44,564592104.85,3.80
512,4194304,1,1,3,539.40,565600001.53,3.80
512,4194304,1,1,4,538.47,564626364.39,3.80
1024,2097152,1,1,0,778.68,816504507.47,2.63
1024,2097152,1,1,1,781.56,819529170.55,2.62
1024,2097152,1,1,2,781.84,819821423.12,2.62
1024,2097152,1,1,3,782.45,820456922.07,2.62
1024,2097152,1,1,4,781.71,819678702.04,2.62
2048,2097152,1,1,0,994.56,1042867935.08,4.12
2048,2097152,1,1,1,993.20,1041441777.56,4.12
2048,2097152,1,1,2,993.26,1041512225.04,4.12
2048,2097152,1,1,3,993.12,1041360925.23,4.12
2048,2097152,1,1,4,993.11,1041350149.88,4.12
4096,1048576,1,1,0,1184.22,1241742105.47,3.46
4096,1048576,1,1,1,1183.68,1241180777.45,3.46
4096,1048576,1,1,2,1184.87,1242425692.46,3.46
4096,1048576,1,1,3,1184.82,1242373510.53,3.46
4096,1048576,1,1,4,1183.46,1240944540.12,3.46
8192,524288,1,1,0,1286.08,1348553911.88,3.18
8192,524288,1,1,1,1289.16,1351777439.16,3.18
8192,524288,1,1,2,1290.11,1352777624.13,3.17
8192,524288,1,1,3,1286.04,1348515248.20,3.18
8192,524288,1,1,4,1285.32,1347755346.40,3.19
16384,262144,1,1,0,1335.05,1399902684.24,3.07
16384,262144,1,1,1,1338.86,1403894650.65,3.06
16384,262144,1,1,2,1333.90,1398695540.63,3.07
16384,262144,1,1,3,1337.21,1402162672.45,3.06
16384,262144,1,1,4,1337.27,1402229904.84,3.06
32768,131072,1,1,0,1373.32,1440029924.64,2.98
32768,131072,1,1,1,1369.08,1435581136.87,2.99
32768,131072,1,1,2,1371.04,1437642652.55,2.99
32768,131072,1,1,3,1368.44,1434909107.80,2.99
32768,131072,1,1,4,1369.64,1436175017.30,2.99
65536,65536,1,1,0,1380.20,1447245478.90,2.97
65536,65536,1,1,1,1379.33,1446329276.74,2.97
65536,65536,1,1,2,1385.06,1452342938.32,2.96
65536,65536,1,1,3,1378.21,1445154496.26,2.97
65536,65536,1,1,4,1383.91,1451134759.18,2.96
131072,32768,1,1,0,1372.60,1439273341.19,2.98
131072,32768,1,1,1,1374.48,1441244351.00,2.98
131072,32768,1,1,2,1377.07,1443959168.42,2.97
131072,32768,1,1,3,1378.30,1445251770.98,2.97
131072,32768,1,1,4,1371.90,1438537310.43,2.99
262144,16384,1,1,0,1358.14,1424111306.65,3.02
262144,16384,1,1,1,1361.33,1427461384.12,3.01
262144,16384,1,1,2,1360.43,1426510293.23,3.01
262144,16384,1,1,3,1362.59,1428783417.08,3.01
262144,16384,1,1,4,1364.23,1430497989.49,3.00
4,8388608,2,1,0,13.25,13893715.46,2.42
4,8388608,2,1,1,13.21,13848734.60,2.42
4,8388608,2,1,2,13.24,13886321.00,2.42
4,8388608,2,1,3,13.20,13843198.67,2.42
4,8388608,2,1,4,13.24,13883436.08,2.42
8,16777216,2,1,0,26.28,27560045.65,4.87
8,16777216,2,1,1,26.27,27543361.58,4.87
8,16777216,2,1,2,26.31,27583885.79,4.87
8,16777216,2,1,3,26.26,27537937.17,4.87
8,16777216,2,1,4,26.23,27503367.43,4.88
16,16777216,2,1,0,51.53,54037697.52,4.97
16,16777216,2,1,1,51.76,54277730.91,4.95
16,16777216,2,1,2,52.01,54534924.29,4.92
16,16777216,2,1,3,51.73,54246448.73,4.95
16,16777216,2,1,4,51.89,54410246.18,4.93
32,8388608,2,1,0,102.11,107072624.03,2.51
32,8388608,2,1,1,102.25,107215757.93,2.50
32,8388608,2,1,2,101.63,106569627.33,2.52
32,8388608,2,1,3,102.00,106951720.57,2.51
32,8388608,2,1,4,101.57,106499104.55,2.52
64,8388608,2,1,0,197.77,207374228.71,2.59
64,8388608,2,1,1,197.93,207548583.88,2.59
64,8388608,2,1,2,197.59,207186554.28,2.59
64,8388608,2,1,3,197.52,207119092.91,2.59
64,8388608,2,1,4,197.46,207051675.45,2.59
128,8388608,2,1,0,370.30,388282685.90,2.77
128,8388608,2,1,1,368.46,386355499.37,2.78
128,8388608,2,1,2,371.00,389019419.56,2.76
128,8388608,2,1,3,368.89,386811079.87,2.78
128,8388608,2,1,4,370.30,388286368.32,2.77
256,8388608,2,1,0,644.07,675357968.90,3.18
256,8388608,2,1,1,643.85,675129060.56,3.18
256,8388608,2,1,2,646.37,677764026.76,3.17
256,8388608,2,1,3,643.18,674421096.37,3.18
256,8388608,2,1,4,639.29,670344356.38,3.20
512,8388608,2,1,0,1046.19,1097014152.93,3.92
512,8388608,2,1,1,1042.82,1093471306.69,3.93
512,8388608,2,1,2,1043.06,1093724713.23,3.93
512,8388608,2,1,3,1042.30,1092935138.73,3.93
512,8388608,2,1,4,1048.78,1099723329.89,3.91
1024,4194304,2,1,0,1515.47,1589089502.86,2.70
1024,4194304,2,1,1,1513.77,1587303553.90,2.71
1024,4194304,2,1,2,1518.32,1592071889.77,2.70
1024,4194304,2,1,3,1513.81,1587345233.91,2.71
1024,4194304,2,1,4,1510.51,1583882780.63,2.71
2048,4194304,2,1,0,1922.06,2015423512.29,4.26
2048,4194304,2,1,1,1939.37,2033581289.47,4.22
2048,4194304,2,1,2,1936.20,2030250847.13,4.23
2048,4194304,2,1,3,1933.39,2027308813.22,4.24
2048,4194304,2,1,4,1939.98,2034216461.12,4.22
4096,2097152,2,1,0,2249.59,2358865782.99,3.64
4096,2097152,2,1,1,2265.24,2375276796.49,3.62
4096,2097152,2,1,2,2282.32,2393182769.61,3.59
4096,2097152,2,1,3,2274.33,2384812428.80,3.60
4096,2097152,2,1,4,2251.22,2360576506.95,3.64
8192,1048576,2,1,0,2451.18,2570253040.98,3.34
8192,1048576,2,1,1,2452.55,2571684220.25,3.34
8192,1048576,2,1,2,2454.66,2573902657.44,3.34
8192,1048576,2,1,3,2452.62,2571762787.68,3.34
8192,1048576,2,1,4,2456.96,2576306004.36,3.33
16384,524288,2,1,0,2548.29,2672079707.54,3.21
16384,524288,2,1,1,2571.42,2696327081.68,3.19
16384,524288,2,1,2,2538.90,2662225659.42,3.23
16384,524288,2,1,3,2555.97,2680129979.04,3.21
16384,524288,2,1,4,2527.95,2650745648.74,3.24
32768,262144,2,1,0,2609.28,2736026171.57,3.14
32768,262144,2,1,1,2615.01,2742034023.89,3.13
32768,262144,2,1,2,2607.48,2734145035.41,3.14
32768,262144,2,1,3,2593.69,2719678928.20,3.16
32768,262144,2,1,4,2612.72,2739636010.81,3.14
65536,131072,2,1,0,2637.16,2765261947.97,3.11
65536,131072,2,1,1,2621.03,2748348172.26,3.13
65536,131072,2,1,2,2632.47,2760341706.85,3.11
65536,131072,2,1,3,2636.73,2764815896.02,3.11
65536,131072,2,1,4,2640.59,2768855766.46,3.10
131072,65536,2,1,0,2634.19,2762153191.31,3.11
131072,65536,2,1,1,2638.03,2766178057.60,3.11
131072,65536,2,1,2,2622.68,2750083277.64,3.12
131072,65536,2,1,3,2642.20,2770551675.70,3.10
131072,65536,2,1,4,2635.97,2764016036.81,3.11
262144,32768,2,1,0,2604.31,2730817038.70,3.15
262144,32768,2,1,1,2574.67,2699738785.67,3.18
262144,32768,2,1,2,2600.08,2726378262.69,3.15
262144,32768,2,1,3,2600.02,2726315958.18,3.15
262144,32768,2,1,4,2598.51,2724737015.45,3.15
4,16777216,4,1,0,24.82,26026925.30,2.58
4,16777216,4,1,1,24.75,25950497.42,2.59
4,16777216,4,1,2,24.82,26028963.86,2.58
4,16777216,4,1,3,24.80,26000405.02,2.58
4,16777216,4,1,4,24.76,25964541.80,2.58
8,16777216,4,1,0,49.39,51787547.07,2.59
8,16777216,4,1,1,49.50,51900391.94,2.59
8,16777216,4,1,2,49.14,51526005.87,2.60
8,16777216,4,1,3,43.71,45828980.62,2.93
8,16777216,4,1,4,46.72,48991686.98,2.74
16,16777216,4,1,0,97.31,102034436.41,2.63
16,16777216,4,1,1,97.21,101930792.15,2.63
16,16777216,4,1,2,97.43,102163630.31,2.63
16,16777216,4,1,3,77.56,81330129.26,3.30
16,16777216,4,1,4,93.84,98403269.97,2.73
32,16777216,4,1,0,192.10,201434355.65,2.67
32,16777216,4,1,1,184.72,193691546.63,2.77
32,16777216,4,1,2,191.35,200643686.32,2.68
32,16777216,4,1,3,191.88,201195667.20,2.67
32,16777216,4,1,4,185.44,194452651.21,2.76
64,16777216,4,1,0,373.10,391222938.14,2.74
64,16777216,4,1,1,373.04,391161230.89,2.75
64,16777216,4,1,2,361.85,379432175.05,2.83
64,16777216,4,1,3,370.12,388097316.24,2.77
64,16777216,4,1,4,373.83,391987599.71,2.74
128,16777216,4,1,0,700.45,734470177.13,2.92
128,16777216,4,1,1,692.05,725663772.27,2.96
128,16777216,4,1,2,623.38,653665581.05,3.29
128,16777216,4,1,3,700.20,734208069.71,2.92
128,16777216,4,1,4,694.91,728668709.95,2.95
256,16777216,4,1,0,1184.99,1242552866.78,3.46
256,16777216,4,1,1,1214.46,1273452275.05,3.37
256,16777216,4,1,2,1214.34,1273329857.76,3.37
256,16777216,4,1,3,1207.70,1266367797.37,3.39
256,16777216,4,1,4,1218.17,1277347132.60,3.36
512,16777216,4,1,0,1932.66,2026540695.90,4.24
512,16777216,4,1,1,1968.97,2064619713.00,4.16
512,16777216,4,1,2,1969.29,2064947135.41,4.16
512,16777216,4,1,3,1967.33,2062895567.22,4.16
512,16777216,4,1,4,1884.55,1976094059.02,4.35
1024,8388608,4,1,0,2871.85,3011352502.57,2.85
1024,8388608,4,1,1,2818.06,2954951601.23,2.91
1024,8388608,4,1,2,2860.82,2999786937.16,2.86
1024,8388608,4,1,3,2847.22,2985523087.16,2.88
1024,8388608,4,1,4,2736.53,2869461886.57,2.99
2048,6291456,4,1,0,3704.47,3884416792.86,3.32
2048,6291456,4,1,1,3651.38,3828744757.37,3.37
2048,6291456,4,1,2,3700.43,3880182367.01,3.32
2048,6291456,4,1,3,3674.11,3852579505.79,3.34
2048,6291456,4,1,4,3567.35,3740633000.91,3.44
4096,3145728,4,1,0,4287.17,4495424323.62,2.87
4096,3145728,4,1,1,4315.20,4524812703.46,2.85
4096,3145728,4,1,2,4312.82,4522324311.18,2.85
4096,3145728,4,1,3,4100.38,4299565194.27,3.00
4096,3145728,4,1,4,4316.85,4526546957.17,2.85
8192,1572864,4,1,0,4498.42,4716934795.85,2.73
8192,1572864,4,1,1,4676.20,4903354155.79,2.63
8192,1572864,4,1,2,4694.94,4923003416.42,2.62
8192,1572864,4,1,3,4698.42,4926645324.16,2.62
8192,1572864,4,1,4,4696.35,4924478379.54,2.62
16384,786432,4,1,0,4652.93,4878955128.31,2.64
16384,786432,4,1,1,4874.64,5111425661.85,2.52
16384,786432,4,1,2,4600.66,4824137859.39,2.67
16384,786432,4,1,3,4873.33,5110059340.74,2.52
16384,786432,4,1,4,4854.31,5090116342.26,2.53
32768,393216,4,1,0,4611.10,4835086726.56,2.66
32768,393216,4,1,1,5004.98,5248096830.44,2.46
32768,393216,4,1,2,4683.18,4910672259.67,2.62
32768,393216,4,1,3,4908.73,5147176889.78,2.50
32768,393216,4,1,4,4901.66,5139765052.11,2.51
65536,196608,4,1,0,4895.75,5133568477.69,2.51
65536,196608,4,1,1,4882.00,5119144309.32,2.52
65536,196608,4,1,2,4816.79,5050767353.34,2.55
65536,196608,4,1,3,5040.36,5285204778.67,2.44
65536,196608,4,1,4,5048.44,5293671236.66,2.43
131072,98304,4,1,0,4708.36,4937071186.13,2.61
131072,98304,4,1,1,4770.27,5001992304.98,2.58
131072,98304,4,1,2,4685.64,4913252271.44,2.62
131072,98304,4,1,3,4963.00,5204086596.55,2.48
131072,98304,4,1,4,4818.49,5052549912.34,2.55
262144,49152,4,1,0,4864.93,5101252605.19,2.53
262144,49152,4,1,1,4921.08,5160128347.11,2.50
262144,49152,4,1,2,4995.60,5238262950.53,2.46
262144,49152,4,1,3,4923.81,5162987573.59,2.50
262144,49152,4,1,4,4857.08,5093015595.49,2.53
4,33554432,8,1,0,30.93,32429461.00,4.14
4,33554432,8,1,1,30.90,32402179.22,4.14
4,33554432,8,1,2,30.95,32448811.54,4.14
4,33554432,8,1,3,30.89,32386010.29,4.14
4,33554432,8,1,4,30.94,32442081.47,4.14
8,33554432,8,1,0,61.38,64362054.84,4.17
8,33554432,8,1,1,61.20,64167935.85,4.18
8,33554432,8,1,2,61.03,63995911.33,4.19
8,33554432,8,1,3,60.73,63675887.10,4.22
8,33554432,8,1,4,61.21,64182157.79,4.18
16,33554432,8,1,0,121.81,127725384.94,4.20
16,33554432,8,1,1,121.85,127764504.19,4.20
16,33554432,8,1,2,121.87,127787009.70,4.20
16,33554432,8,1,3,121.29,127184393.48,4.22
16,33554432,8,1,4,121.73,127640120.23,4.21
32,33554432,8,1,0,242.83,254624317.29,4.22
32,33554432,8,1,1,242.81,254605416.83,4.22
32,33554432,8,1,2,241.11,252818958.99,4.25
32,33554432,8,1,3,242.93,254731713.08,4.22
32,33554432,8,1,4,242.13,253889372.72,4.23
64,33554432,8,1,0,472.90,495873460.36,4.33
64,33554432,8,1,1,471.78,494693015.08,4.34
64,33554432,8,1,2,471.92,494843498.41,4.34
64,33554432,8,1,3,474.64,497700046.44,4.31
64,33554432,8,1,4,475.43,498523267.76,4.31
128,33554432,8,1,0,893.73,937148431.29,4.58
128,33554432,8,1,1,893.34,936739673.59,4.59
128,33554432,8,1,2,892.23,935569029.82,4.59
128,33554432,8,1,3,895.99,939517047.05,4.57
128,33554432,8,1,4,900.72,944473164.27,4.55
256,16777216,8,1,0,1587.04,1664127683.41,2.58
256,16777216,8,1,1,1592.11,1669449345.93,2.57
256,16777216,8,1,2,1586.06,1663102487.14,2.58
256,16777216,8,1,3,1591.71,1669026931.71,2.57
256,16777216,8,1,4,1583.44,1660354085.16,2.59
512,16777216,8,1,0,2613.73,2740699075.72,3.13
512,16777216,8,1,1,2626.94,2754546358.85,3.12
512,16777216,8,1,2,2603.71,2730185885.34,3.15
512,16777216,8,1,3,2630.50,2758276427.64,3.11
512,16777216,8,1,4,2616.91,2744032825.53,3.13
1024,12582912,8,1,0,3840.13,4026664084.34,3.20
1024,12582912,8,1,1,3887.15,4075969307.48,3.16
1024,12582912,8,1,2,3878.19,4066573450.66,3.17
1024,12582912,8,1,3,3871.31,4059358030.54,3.17
1024,12582912,8,1,4,3875.91,4064181355.28,3.17
2048,6291456,8,1,0,5052.34,5297767670.79,2.43
2048,6291456,8,1,1,5073.50,5319945221.63,2.42
2048,6291456,8,1,2,5085.44,5332466170.93,2.42
2048,6291456,8,1,3,5038.62,5283378269.22,2.44
2048,6291456,8,1,4,5084.68,5331678630.51,2.42
4096,3145728,8,1,0,5972.30,6262412903.66,2.06
4096,3145728,8,1,1,5974.35,6264559461.22,2.06
4096,3145728,8,1,2,5992.40,6283485343.27,2.05
4096,3145728,8,1,3,6009.73,6301662417.43,2.04
4096,3145728,8,1,4,6001.00,6292501040.74,2.05
8192,1572864,8,1,0,6469.97,6784255423.47,1.90
8192,1572864,8,1,1,6479.70,6794454816.65,1.90
8192,1572864,8,1,2,6488.90,6804102355.20,1.89
8192,1572864,8,1,3,6490.86,6806155494.89,1.89
8192,1572864,8,1,4,6472.32,6786717597.75,1.90
16384,786432,8,1,0,6744.79,7072423475.50,1.82
16384,786432,8,1,1,6747.13,7074877935.26,1.82
16384,786432,8,1,2,6757.61,7085869329.09,1.82
16384,786432,8,1,3,6754.57,7082678505.44,1.82
16384,786432,8,1,4,6759.13,7087463960.32,1.82
32768,393216,8,1,0,6919.43,7255547941.17,1.78
32768,393216,8,1,1,6906.32,7241804277.62,1.78
32768,393216,8,1,2,6916.38,7252346544.03,1.78
32768,393216,8,1,3,6921.96,7258200385.46,1.78
32768,393216,8,1,4,6876.11,7210126817.94,1.79
65536,196608,8,1,0,6766.94,7095655642.15,1.82
65536,196608,8,1,1,6771.05,7099964256.40,1.81
65536,196608,8,1,2,6784.56,7114123797.98,1.81
65536,196608,8,1,3,6773.16,7102175593.20,1.81
65536,196608,8,1,4,6773.30,7102324931.40,1.81
131072,98304,8,1,0,6852.95,7185836432.76,1.79
131072,98304,8,1,1,6820.24,7151536454.40,1.80
131072,98304,8,1,2,6856.85,7189923357.93,1.79
131072,98304,8,1,3,6858.60,7191761359.48,1.79
131072,98304,8,1,4,6851.12,7183925060.89,1.79
262144,49152,8,1,0,6932.93,7269702739.80,1.77
262144,49152,8,1,1,6925.18,7261574772.12,1.77
262144,49152,8,1,2,6929.79,7266406772.42,1.77
262144,49152,8,1,3,6924.46,7260821602.39,1.77
262144,49152,8,1,4,6935.12,7272005434.10,1.77
4,33554432,16,1,0,31.04,32548969.50,4.12
4,33554432,16,1,1,30.97,32477573.39,4.13
4,33554432,16,1,2,30.72,32211951.82,4.17
4,33554432,16,1,3,30.90,32403999.56,4.14
4,33554432,16,1,4,30.79,32282448.33,4.16
8,33554432,16,1,0,61.35,64328738.04,4.17
8,33554432,16,1,1,61.47,64456972.25,4.16
8,33554432,16,1,2,61.37,64354892.13,4.17
8,33554432,16,1,3,61.45,64436070.84,4.17
8,33554432,16,1,4,61.40,64384005.41,4.17
16,33554432,16,1,0,122.19,128121544.08,4.19
16,33554432,16,1,1,121.76,127679817.10,4.20
16,33554432,16,1,2,121.96,127884772.94,4.20
16,33554432,16,1,3,121.60,127508244.96,4.21
16,33554432,16,1,4,122.00,127929026.35,4.20
32,33554432,16,1,0,239.83,251474859.04,4.27
32,33554432,16,1,1,240.56,252247245.97,4.26
32,33554432,16,1,2,239.98,251637922.27,4.27
32,33554432,16,1,3,241.60,253337607.79,4.24
32,33554432,16,1,4,239.98,251640889.01,4.27
64,33554432,16,1,0,473.06,496039769.03,4.33
64,33554432,16,1,1,473.59,496596662.70,4.32
64,33554432,16,1,2,472.05,494978078.72,4.34
64,33554432,16,1,3,464.08,486622512.77,4.41
64,33554432,16,1,4,470.64,493497085.86,4.35
128,33554432,16,1,0,893.69,937101387.48,4.58
128,33554432,16,1,1,886.85,929925346.90,4.62
128,33554432,16,1,2,894.59,938047216.23,4.58
128,33554432,16,1,3,889.18,932376098.63,4.61
128,33554432,16,1,4,894.78,938239611.51,4.58
256,16777216,16,1,0,1577.24,1653853746.48,2.60
256,16777216,16,1,1,1570.62,1646910261.14,2.61
256,16777216,16,1,2,1588.70,1665874945.95,2.58
256,16777216,16,1,3,1572.77,1649164570.19,2.60
256,16777216,16,1,4,1582.44,1659304644.73,2.59
512,16777216,16,1,0,2592.24,2718163439.35,3.16
512,16777216,16,1,1,2627.63,2755274582.18,3.12
512,16777216,16,1,2,2591.77,2717668081.39,3.16
512,16777216,16,1,3,2614.99,2742016494.28,3.13
512,16777216,16,1,4,2623.65,2751098797.83,3.12
1024,12582912,16,1,0,3874.29,4062487307.62,3.17
1024,12582912,16,1,1,3868.91,4056845287.30,3.18
1024,12582912,16,1,2,3880.61,4069109905.36,3.17
1024,12582912,16,1,3,3899.48,4088902767.91,3.15
1024,12582912,16,1,4,3888.57,4077465723.36,3.16
2048,6291456,16,1,0,5016.72,5260409990.69,2.45
2048,6291456,16,1,1,5077.19,5323816001.56,2.42
2048,6291456,16,1,2,5029.58,5273897131.56,2.44
2048,6291456,16,1,3,5047.57,5292756191.46,2.43
2048,6291456,16,1,4,5049.89,5295189924.65,2.43
4096,3145728,16,1,0,5946.87,6235748773.31,2.07
4096,3145728,16,1,1,5948.30,6237248590.61,2.07
4096,3145728,16,1,2,5932.58,6220761534.17,2.07
4096,3145728,16,1,3,5915.92,6203295303.30,2.08
4096,3145728,16,1,4,5932.53,6220713558.89,2.07
8192,1572864,16,1,0,6444.15,6757184182.33,1.91
8192,1572864,16,1,1,6441.39,6754286672.33,1.91
8192,1572864,16,1,2,6432.16,6744613118.53,1.91
8192,1572864,16,1,3,6410.76,6722167565.43,1.92
8192,1572864,16,1,4,6424.12,6736182795.59,1.91
16384,786432,16,1,0,6673.08,6997233450.29,1.84
16384,786432,16,1,1,6704.02,7029679065.28,1.83
16384,786432,16,1,2,6677.53,7001899564.76,1.84
16384,786432,16,1,3,6630.69,6952781073.86,1.85
16384,786432,16,1,4,6732.22,7059245239.46,1.83
32768,393216,16,1,0,6789.02,7118804629.01,1.81
32768,393216,16,1,1,6853.54,7186462315.18,1.79
32768,393216,16,1,2,6815.34,7146404228.83,1.80
32768,393216,16,1,3,6849.44,7182155966.42,1.79
32768,393216,16,1,4,6859.21,7192406461.45,1.79
65536,196608,16,1,0,6717.40,7043709016.67,1.83
65536,196608,16,1,1,6726.34,7053079050.56,1.83
65536,196608,16,1,2,6707.93,7033776991.49,1.83
65536,196608,16,1,3,6730.61,7057556366.15,1.83
65536,196608,16,1,4,6733.65,7060739349.02,1.82
131072,98304,16,1,0,6834.48,7166476601.19,1.80
131072,98304,16,1,1,6763.89,7092456931.48,1.82
131072,98304,16,1,2,6734.91,7062061517.64,1.82
131072,98304,16,1,3,6771.61,7100551945.72,1.81
131072,98304,16,1,4,6757.26,7085498652.27,1.82
262144,49152,16,1,0,6842.88,7175276914.05,1.80
262144,49152,16,1,1,6807.59,7138272274.17,1.81
262144,49152,16,1,2,6789.68,7119492981.96,1.81
262144,49152,16,1,3,6769.58,7098423666.31,1.82
262144,49152,16,1,4,6880.83,7215077435.80,1.79
4,33554432,32,1,0,31.11,32618533.04,4.11
4,33554432,32,1,1,30.55,32036771.32,4.19
4,33554432,32,1,2,31.02,32530991.90,4.13
4,33554432,32,1,3,31.01,32516962.94,4.13
4,33554432,32,1,4,31.13,32643339.09,4.11
8,33554432,32,1,0,61.34,64323835.36,4.17
8,33554432,32,1,1,61.39,64374971.62,4.17
8,33554432,32,1,2,61.10,64069287.64,4.19
8,33554432,32,1,3,61.84,64841567.88,4.14
8,33554432,32,1,4,61.80,64804212.97,4.14
16,33554432,32,1,0,122.22,128152832.18,4.19
16,33554432,32,1,1,121.93,127857579.30,4.20
16,33554432,32,1,2,122.31,128247883.83,4.19
16,33554432,32,1,3,122.17,128108824.68,4.19
16,33554432,32,1,4,122.67,128629732.43,4.17
32,33554432,32,1,0,240.90,252605017.64,4.25
32,33554432,32,1,1,242.59,254376329.88,4.22
32,33554432,32,1,2,242.48,254260907.38,4.22
32,33554432,32,1,3,242.65,254431960.23,4.22
32,33554432,32,1,4,239.36,250986850.96,4.28
64,33554432,32,1,0,474.32,497364048.45,4.32
64,33554432,32,1,1,473.08,496062580.31,4.33
64,33554432,32,1,2,472.87,495842313.78,4.33
64,33554432,32,1,3,472.19,495128953.30,4.34
64,33554432,32,1,4,474.97,498041373.00,4.31
128,33554432,32,1,0,900.69,944446376.01,4.55
128,33554432,32,1,1,898.55,942196942.39,4.56
128,33554432,32,1,2,900.48,944225492.74,4.55
128,33554432,32,1,3,899.94,943655989.92,4.55
128,33554432,32,1,4,899.24,942922249.45,4.55
256,16777216,32,1,0,1586.54,1663608090.67,2.58
256,16777216,32,1,1,1581.86,1658696570.81,2.59
256,16777216,32,1,2,1587.56,1664681750.50,2.58
256,16777216,32,1,3,1590.09,1667335243.64,2.58
256,16777216,32,1,4,1590.65,1667918010.46,2.58
512,16777216,32,1,0,2619.66,2746915546.11,3.13
512,16777216,32,1,1,2623.46,2750901346.85,3.12
512,16777216,32,1,2,2640.84,2769124333.30,3.10
512,16777216,32,1,3,2609.36,2736109699.18,3.14
512,16777216,32,1,4,2637.84,2765975888.07,3.11
1024,12582912,32,1,0,3861.63,4049210093.21,3.18
1024,12582912,32,1,1,3870.16,4058156425.50,3.18
1024,12582912,32,1,2,3871.37,4059422062.95,3.17
1024,12582912,32,1,3,3900.52,4089992954.82,3.15
1024,12582912,32,1,4,3879.49,4067939571.07,3.17
2048,6291456,32,1,0,5091.42,5338736379.66,2.41
2048,6291456,32,1,1,5084.91,5331916919.80,2.42
2048,6291456,32,1,2,5068.29,5314485613.82,2.42
2048,6291456,32,1,3,5064.43,5310438435.91,2.43
2048,6291456,32,1,4,5011.83,5255284927.58,2.45
4096,3145728,32,1,0,5969.37,6259343350.83,2.06
4096,3145728,32,1,1,5973.50,6263667121.82,2.06
4096,3145728,32,1,2,5991.63,6282678900.56,2.05
4096,3145728,32,1,3,5967.72,6257607543.20,2.06
4096,3145728,32,1,4,5968.37,6258285082.13,2.06
8192,1572864,32,1,0,6480.86,6795669730.42,1.90
8192,1572864,32,1,1,6488.28,6803459075.97,1.89
8192,1572864,32,1,2,6468.69,6782908373.83,1.90
8192,1572864,32,1,3,6493.84,6809284715.65,1.89
8192,1572864,32,1,4,6458.25,6771964512.75,1.90
16384,786432,32,1,0,6731.11,7058085434.93,1.83
16384,786432,32,1,1,6713.04,7039133723.06,1.83
16384,786432,32,1,2,6750.57,7078484477.69,1.82
16384,786432,32,1,3,6745.10,7072753908.95,1.82
16384,786432,32,1,4,6736.39,7063614983.13,1.82
32768,393216,32,1,0,6899.30,7234437679.35,1.78
32768,393216,32,1,1,6880.86,7215109223.33,1.79
32768,393216,32,1,2,6904.36,7239750515.11,1.78
32768,393216,32,1,3,6904.90,7240311133.90,1.78
32768,393216,32,1,4,6927.57,7264080283.03,1.77
65536,196608,32,1,0,6630.47,6952549408.35,1.85
65536,196608,32,1,1,6782.47,7111933092.88,1.81
65536,196608,32,1,2,6777.31,7106523904.00,1.81
65536,196608,32,1,3,6764.35,7092937252.41,1.82
65536,196608,32,1,4,6749.24,7077089425.53,1.82
131072,98304,32,1,0,6796.03,7126151737.50,1.81
131072,98304,32,1,1,6786.15,7115796757.32,1.81
131072,98304,32,1,2,6807.66,7138346760.55,1.81
131072,98304,32,1,3,6719.82,7046243719.96,1.83
131072,98304,32,1,4,6792.67,7122634460.90,1.81
262144,49152,32,1,0,6826.45,7158051467.96,1.80
262144,49152,32,1,1,6823.74,7155206439.26,1.80
262144,49152,32,1,2,6813.02,7143974502.18,1.80
262144,49152,32,1,3,6798.28,7128512936.67,1.81
262144,49152,32,1,4,6808.79,7139529322.05,1.80
